date,btm_spread
2021-01-01,
2021-01-02,
2021-01-03,
2021-01-04,45.42875
2021-01-05,47.13791666666666
2021-01-06,46.90708333333333
2021-01-07,46.18958333333333
2021-01-08,47.181666666666665
2021-01-09,44.456250000000004
2021-01-10,47.096666666666664
2021-01-11,46.489583333333336
2021-01-12,38.51958333333334
2021-01-13,43.513749999999995
2021-01-14,44.605
2021-01-15,49.38708333333333
2021-01-16,47.2475
2021-01-17,43.095
2021-01-18,48.89166666666667
2021-01-19,47.80166666666667
2021-01-20,41.93333333333334
2021-01-21,44.638749999999995
2021-01-22,46.124583333333334
2021-01-23,42.91
2021-01-24,47.19958333333333
2021-01-25,50.08583333333333
2021-01-26,47.77583333333334
2021-01-27,44.09125
2021-01-28,39.477916666666665
2021-01-29,43.615833333333335
2021-01-30,41.70666666666667
2021-01-31,39.709583333333335
2021-02-01,45.98041666666666
2021-02-02,37.275
2021-02-03,39.04125
2021-02-04,43.74333333333333
2021-02-05,34.312083333333334
2021-02-06,38.05625
2021-02-07,33.75416666666667
2021-02-08,34.25416666666667
2021-02-09,32.96541666666666
2021-02-19,18.903750000000002
2021-02-20,23.58125
2021-02-21,23.493750000000002
2021-02-22,32.54458333333333
2021-02-23,40.347500000000004
2021-02-24,33.70541666666667
2021-02-25,39.53458333333333
2021-02-26,40.24958333333333
2021-02-27,39.494166666666665
2021-02-28,37.20166666666666
2021-03-01,40.208749999999995
2021-03-02,40.106249999999996
2021-03-03,36.44416666666667
2021-03-04,34.410833333333336
2021-03-05,42.8675
2021-03-06,32.79708333333333
2021-03-07,33.83416666666666
2021-03-08,36.362500000000004
2021-03-09,40.665416666666665
2021-03-10,47.66833333333333
2021-03-11,34.13958333333333
2021-03-12,40.989583333333336
2021-03-13,35.691250000000004
2021-03-14,39.83291666666667
2021-03-15,38.59583333333333
2021-03-16,35.59875
2021-03-17,38.33833333333333
2021-03-18,33.22083333333333
2021-03-19,36.749583333333334
2021-03-20,42.505833333333335
2021-03-21,34.200416666666676
2021-03-22,32.54041666666667
2021-03-23,30.122916666666665
2021-03-24,31.865416666666665
2021-03-25,37.40833333333333
2021-03-26,34.48458333333333
2021-03-27,33.11958333333333
2021-03-28,36.537083333333335
2021-03-29,35.10708333333333
2021-03-30,34.12916666666667
2021-03-31,33.82583333333333
2021-04-01,37.7925
2021-04-02,40.659166666666664
2021-04-03,35.110416666666666
2021-04-04,34.134166666666665
2021-04-05,32.54083333333333
2021-04-06,39.275
2021-04-07,35.83708333333333
2021-04-08,39.13708333333333
2021-04-09,40.3175
2021-04-10,33.53541666666667
2021-04-11,35.84125
2021-04-12,39.28541666666667
2021-04-13,29.006250000000005
2021-04-14,33.81458333333334
2021-04-15,36.229166666666664
2021-04-16,36.11333333333334
2021-04-17,34.72666666666667
2021-04-18,30.650833333333335
2021-04-19,34.643750000000004
2021-04-20,30.935833333333335
2021-04-21,35.22208333333333
2021-04-22,32.00833333333333
2021-04-23,30.19875
2021-04-24,34.321666666666665
2021-04-25,38.01
2021-04-26,31.60291666666667
2021-04-27,32.63999999999999
2021-04-28,30.080000000000002
2021-04-29,31.629166666666663
2021-04-30,31.141250000000003
2021-05-01,32.737500000000004
2021-05-02,37.49166666666667
2021-05-03,33.26208333333334
2021-05-04,32.878750000000004
2021-05-05,33.14125
2021-05-06,29.76625
2021-05-07,30.967916666666667
2021-05-08,35.74125
2021-05-09,31.155
2021-05-10,30.562916666666666
2021-05-11,30.09958333333333
2021-05-12,29.75583333333333
2021-05-13,32.0725
2021-05-14,30.492499999999996
2021-05-15,32.98
2021-05-16,39.08708333333333
2021-05-17,32.52
2021-05-18,34.61083333333333
2021-05-19,38.35208333333333
2021-05-20,40.10375
2021-05-21,36.96208333333333
2021-05-22,33.06
2021-05-23,37.37625
2021-05-24,33.615833333333335
2021-05-25,34.2425
2021-05-26,31.547083333333333
2021-05-27,30.675833333333333
2021-05-28,35.035833333333336
2021-05-29,32.157916666666665
2021-05-30,39.36083333333333
2021-05-31,32.669999999999995
2021-06-01,39.27458333333333
2021-06-02,30.16
2021-06-03,34.864583333333336
2021-06-04,35.854166666666664
2021-06-05,29.934166666666666
2021-06-06,36.204166666666666
2021-06-07,33.20333333333333
2021-06-08,33.52458333333333
2021-06-09,33.36375
2021-06-10,33.53041666666667
2021-06-11,32.982083333333335
2021-06-12,37.22625
2021-06-13,32.903333333333336
2021-06-14,35.69541666666667
2021-06-15,41.24458333333333
2021-06-16,34.28416666666667
2021-06-17,35.50875
2021-06-18,33.71125
2021-06-19,32.96208333333333
2021-06-20,35.998333333333335
2021-06-21,44.56833333333333
2021-06-22,36.022083333333335
2021-06-23,32.055416666666666
2021-06-24,30.53791666666667
2021-06-25,35.55458333333333
2021-06-26,35.712916666666665
2021-06-27,33.34291666666667
2021-06-28,31.621666666666666
2021-06-29,33.89875
2021-06-30,31.32708333333333
2021-07-01,34.95708333333334
2021-07-02,37.25791666666667
2021-07-03,33.477916666666665
2021-07-04,34.624583333333334
2021-07-05,34.62125
2021-07-06,30.184166666666666
2021-07-07,33.949999999999996
2021-07-08,34.574999999999996
2021-07-09,33.52625
2021-07-10,35.90833333333334
2021-07-11,41.78125
2021-07-12,31.427916666666665
2021-07-13,38.97708333333334
2021-07-14,35.763333333333335
2021-07-15,38.899166666666666
2021-07-16,37.67833333333333
2021-07-17,35.87583333333333
2021-07-18,41.81666666666666
2021-07-19,32.31666666666667
2021-07-20,37.19166666666667
2021-07-21,36.42416666666667
2021-07-22,33.10666666666667
2021-07-23,36.10666666666666
2021-07-24,34.134166666666665
2021-07-25,32.172083333333326
2021-07-26,37.128750000000004
2021-07-27,33.086666666666666
2021-07-28,39.07958333333334
2021-07-29,32.24916666666667
2021-07-30,35.56291666666667
2021-07-31,45.07875000000001
2021-08-01,42.61625
2021-08-02,34.90083333333333
2021-08-03,42.739583333333336
2021-08-04,47.26999999999999
2021-08-05,37.035000000000004
2021-08-06,33.314166666666665
2021-08-07,42.18625
2021-08-08,35.835
2021-08-09,40.10125
2021-08-10,34.51916666666667
2021-08-11,45.629999999999995
2021-08-12,38.692083333333336
2021-08-13,44.44958333333333
2021-08-14,39.09791666666666
2021-08-15,40.33833333333333
2021-08-16,40.55708333333333
2021-08-17,43.20416666666667
2021-08-18,41.05666666666667
2021-08-19,49.38208333333333
2021-08-20,45.830000000000005
2021-08-21,41.76625000000001
2021-08-22,43.58208333333334
2021-08-23,43.831666666666656
2021-08-24,37.464999999999996
2021-08-25,37.82833333333333
2021-08-26,40.025416666666665
2021-08-27,42.63958333333334
2021-08-28,33.97916666666667
2021-08-29,39.39541666666667
2021-08-30,40.67875
2021-08-31,39.4775
2021-09-01,38.38208333333333
2021-09-02,37.214166666666664
2021-09-03,38.95875
2021-09-04,35.67458333333333
2021-09-05,44.14041666666666
2021-09-06,35.52333333333333
2021-09-07,37.700833333333335
2021-09-08,33.762499999999996
2021-09-09,37.66041666666667
2021-09-10,37.66416666666667
2021-09-11,40.67625
2021-09-12,41.77916666666667
2021-09-13,35.57333333333333
2021-09-14,34.80916666666667
2021-09-15,38.71833333333333
2021-09-16,38.8225
2021-09-17,36.60208333333333
2021-09-18,42.56166666666666
2021-09-19,34.190416666666664
2021-09-20,34.473333333333336
2021-09-21,39.8025
2021-09-22,41.49291666666667
2021-09-23,36.32416666666666
2021-09-24,35.80541666666667
2021-09-25,38.84125
2021-09-26,37.663333333333334
2021-09-27,37.32791666666667
2021-09-28,33.03958333333333
2021-09-29,31.959166666666665
2021-09-30,32.576249999999995
2021-10-01,38.04333333333333
2021-10-02,33.55083333333333
2021-10-03,36.37625
2021-10-04,34.7375
2021-10-05,28.14583333333333
2021-10-06,33.555416666666666
2021-10-07,39.690000000000005
2021-10-08,36.50166666666667
2021-10-09,36.772083333333335
2021-10-10,31.677916666666665
2021-10-11,31.645416666666666
2021-10-12,42.225416666666675
2021-10-13,35.177916666666675
2021-10-14,34.440000000000005
2021-10-15,39.91833333333333
2021-10-16,40.47875
2021-10-17,36.01875
2021-10-18,35.086666666666666
2021-10-19,43.135
2021-10-20,40.80708333333333
2021-10-21,38.41958333333333
2021-10-22,40.84375000000001
2021-10-23,37.75291666666667
2021-10-24,37.1475
2021-10-25,36.42291666666667
2021-10-26,33.01375000000001
2021-10-27,31.644166666666663
2021-10-28,33.4525
2021-10-29,36.33416666666667
2021-10-30,36.19958333333334
2021-10-31,36.617916666666666
2021-11-01,39.48666666666667
2021-11-02,36.955
2021-11-03,34.57541666666667
2021-11-04,35.63
2021-11-05,38.08833333333333
2021-11-06,32.39125
2021-11-07,35.315
2021-11-08,35.855
2021-11-09,36.32458333333333
2021-11-10,43.18125
2021-11-11,39.14416666666667
2021-11-12,40.22208333333334
2021-11-13,36.6375
2021-11-14,41.13875
2021-11-15,41.87791666666667
2021-11-16,39.01624999999999
2021-11-17,36.82708333333333
2021-11-18,43.76500000000001
2021-11-19,37.591249999999995
2021-11-20,44.06333333333333
2021-11-21,35.15749999999999
2021-11-22,34.88625
2021-11-23,42.70583333333334
2021-11-24,38.65083333333333
2021-11-25,36.128750000000004
2021-11-26,39.10458333333334
2021-11-27,33.81875
2021-11-28,35.2125
2021-11-29,39.26749999999999
2021-11-30,37.41458333333333
2021-12-01,42.17541666666666
2021-12-02,45.74625
2021-12-03,50.41625
2021-12-04,49.246249999999996
2021-12-05,49.69333333333333
2021-12-06,41.38458333333333
2021-12-07,47.1775
2021-12-08,47.75833333333333
2021-12-09,43.861250000000005
2021-12-10,43.921666666666674
2021-12-11,52.874583333333334
2021-12-12,40.42166666666667
2021-12-13,40.73541666666667
2021-12-14,42.129583333333336
2021-12-15,40.22
2021-12-16,42.878750000000004
2021-12-17,35.21125
2021-12-18,45.47833333333333
2021-12-19,42.53958333333333
2021-12-20,44.369166666666665
2021-12-21,46.145
2021-12-22,37.63666666666666
2021-12-23,43.47208333333333
2021-12-24,41.163333333333334
2021-12-25,38.63166666666667
2021-12-26,40.89541666666667
2021-12-27,43.91166666666666
2021-12-28,50.49916666666667
2021-12-29,46.0925
2021-12-30,46.86833333333334
2021-12-31,18.790000000000003
2022-01-01,41.06416666666667
2022-01-02,39.75541666666667
2022-01-03,41.388333333333335
2022-01-04,36.94083333333334
2022-01-05,41.1625
2022-01-06,39.04791666666667
2022-01-07,41.760416666666664
2022-01-08,37.459583333333335
2022-01-09,39.98416666666667
2022-01-10,33.97833333333333
2022-01-11,36.528749999999995
2022-01-12,30.26833333333333
2022-01-13,34.69625
2022-01-14,29.045416666666664
2022-01-15,35.23208333333333
2022-01-16,33.027499999999996
2022-01-17,33.147083333333335
2022-01-18,42.529166666666676
2022-01-19,28.58833333333334
2022-01-20,33.239999999999995
2022-01-21,33.79208333333333
2022-01-22,31.778333333333332
2022-01-23,29.14458333333333
2022-01-24,33.961666666666666
2022-01-25,34.308749999999996
2022-01-26,27.393333333333334
2022-01-27,29.05125
2022-01-28,27.383749999999996
2022-01-29,21.357083333333325
2022-01-30,20.086666666666662
2022-01-31,19.19791666666667
2022-02-01,21.917500000000004
2022-02-02,16.947083333333335
2022-02-03,17.841666666666672
2022-02-04,20.095000000000002
2022-02-05,24.04166666666667
2022-02-06,20.89166666666667
2022-02-07,31.221249999999998
2022-02-08,28.227916666666673
2022-02-09,27.343333333333334
2022-02-10,29.513333333333332
2022-02-11,34.77583333333333
2022-02-12,31.68166666666667
2022-02-13,31.275833333333335
2022-02-14,29.88875
2022-02-15,31.040833333333335
2022-02-16,29.07166666666667
2022-02-17,26.651666666666667
2022-02-18,24.49083333333333
2022-02-19,27.228749999999994
2022-02-20,22.13625
2022-02-21,23.404166666666665
2022-02-22,28.219166666666666
2022-02-23,27.635000000000005
2022-02-24,26.783333333333335
2022-02-25,30.901250000000005
2022-02-26,26.32625
2022-02-27,24.16791666666667
2022-02-28,27.544583333333335
2022-03-01,29.316666666666663
2022-03-02,22.822499999999994
2022-03-03,26.56291666666667
2022-03-04,24.237083333333334
2022-03-05,19.565416666666668
2022-03-06,26.2175
2022-03-07,21.66625
2022-03-08,21.477499999999996
2022-03-09,27.322500000000005
2022-03-10,23.392083333333332
2022-03-11,28.16541666666667
2022-03-12,21.515416666666667
2022-03-13,27.392083333333332
2022-03-14,23.845416666666676
2022-03-15,23.013333333333335
2022-03-16,19.73166666666667
2022-03-17,20.13458333333333
2022-03-18,24.01958333333333
2022-03-19,13.012916666666664
2022-03-20,25.34041666666666
2022-03-21,15.653333333333334
2022-03-22,16.800416666666667
2022-03-23,16.20958333333333
2022-03-24,12.304999999999994
2022-03-25,20.489583333333332
2022-03-26,10.725416666666666
2022-03-27,12.140416666666667
2022-03-28,13.03125
2022-03-29,14.426666666666664
2022-03-30,14.900416666666665
2022-03-31,14.64625
2022-04-01,10.651666666666669
2022-04-02,16.589583333333334
2022-04-03,12.545833333333336
2022-04-04,12.437500000000002
2022-04-05,13.400000000000004
2022-04-06,8.157916666666667
2022-04-07,9.836666666666666
2022-04-08,12.164166666666672
2022-04-09,8.305416666666671
2022-04-10,7.832083333333337
2022-04-11,9.732916666666672
2022-04-12,11.705416666666672
2022-04-13,4.461666666666669
2022-04-14,3.4916666666666614
2022-04-15,4.427499999999994
2022-04-16,0.9708333333333288
2022-04-17,10.423333333333327
2022-04-18,3.4712500000000013
2022-04-19,11.020833333333329
2022-04-20,9.032499999999997
2022-04-21,1.5883333333333365
2022-04-22,8.085000000000006
2022-04-23,3.8291666666666715
2022-04-24,6.9983333333333375
2022-04-25,11.426250000000003
2022-04-26,6.461250000000004
2022-04-27,5.636666666666662
2022-04-28,2.949583333333335
2022-04-29,3.559166666666671
2022-04-30,4.155833333333338
2022-05-01,4.912083333333338
2022-05-02,-1.0608333333333344
2022-05-03,-0.8324999999999959
2022-05-04,-3.0587500000000074
2022-05-05,-5.286249999999998
2022-05-06,-6.127916666666663
2022-05-07,-3.8829166666666626
2022-05-08,-5.93583333333333
2022-05-09,-0.9412500000000018
2022-05-10,10.912916666666666
2022-05-11,-1.7612500000000013
2022-05-12,5.91875
2022-05-13,-2.0966666666666667
2022-05-14,-1.6283333333333332
2022-05-15,-0.24916666666666684
2022-05-16,-4.391250000000002
2022-05-17,3.7962500000000006
2022-05-18,-6.05916666666666
2022-05-19,-5.098333333333339
2022-05-20,0.3408333333333342
2022-05-21,-3.4583333333333335
2022-05-22,5.109166666666667
2022-05-23,-4.141666666666672
2022-05-24,-7.844999999999998
2022-05-25,-3.045833333333332
2022-05-26,-11.971666666666666
2022-05-27,-6.171666666666674
2022-05-28,1.4829166666666582
2022-05-29,0.6899999999999915
2022-05-30,-2.8537500000000087
2022-05-31,-4.040000000000006
2022-06-01,-4.808750000000007
2022-06-02,-2.229166666666671
2022-06-03,-6.444999999999996
2022-06-04,-1.8604166666666615
2022-06-05,-3.612916666666663
2022-06-06,-7.288333333333335
2022-06-07,-9.663333333333325
2022-06-08,-10.182083333333324
2022-06-09,-2.4858333333333382
2022-06-10,-5.64916666666666
2022-06-11,-4.809999999999994
2022-06-12,-3.2362499999999943
2022-06-13,-8.049583333333333
2022-06-14,2.771250000000002
2022-06-15,2.464583333333335
2022-06-16,-2.28833333333333
2022-06-17,4.8524999999999965
2022-06-18,1.94333333333333
2022-06-19,5.299583333333331
2022-06-20,8.42208333333333
2022-06-21,8.572083333333337
2022-06-22,7.33625
2022-06-23,10.695416666666667
2022-06-24,18.63958333333333
2022-06-25,16.138749999999998
2022-06-26,19.07708333333333
2022-06-27,18.024583333333336
2022-06-28,10.360416666666662
2022-06-29,17.478749999999994
2022-06-30,7.883333333333332
2022-07-01,28.036666666666665
2022-07-02,22.960833333333337
2022-07-03,20.36125
2022-07-04,19.877083333333335
2022-07-05,20.444166666666668
2022-07-06,20.494999999999994
2022-07-07,21.363749999999996
2022-07-08,22.903333333333325
2022-07-09,19.128749999999997
2022-07-10,20.234999999999996
2022-07-11,16.825833333333332
2022-07-12,17.67416666666667
2022-07-13,23.306666666666672
2022-07-14,14.171249999999995
2022-07-15,15.828333333333338
2022-07-16,15.214166666666673
2022-07-17,15.535000000000004
2022-07-18,14.879999999999995
2022-07-19,16.197500000000005
2022-07-20,9.690833333333332
2022-07-21,6.026666666666666
2022-07-22,3.192916666666667
2022-07-23,10.531250000000002
2022-07-24,5.485416666666667
2022-07-25,5.000833333333333
2022-07-26,5.157916666666668
2022-07-27,9.82958333333333
2022-07-28,4.421666666666668
2022-07-29,8.000416666666665
2022-07-30,11.533749999999996
2022-07-31,9.429166666666665
2022-08-01,11.618333333333341
2022-08-02,14.428749999999999
2022-08-03,13.847500000000005
2022-08-04,7.177499999999995
2022-08-05,7.437083333333324
2022-08-06,10.558333333333325
2022-08-07,8.162083333333326
2022-08-08,15.197916666666666
2022-08-09,10.528749999999997
2022-08-10,17.641666666666662
2022-08-11,12.565416666666673
2022-08-12,5.604583333333334
2022-08-13,6.047083333333334
2022-08-14,4.084166666666667
2022-08-15,8.704583333333337
2022-08-16,6.272083333333339
2022-08-17,-3.24791666666666
2022-08-18,3.6970833333333353
2022-08-19,7.779166666666664
2022-08-20,8.514583333333329
2022-08-21,6.30708333333333
2022-08-22,0.06583333333333001
2022-08-23,2.190416666666667
2022-08-24,1.7895833333333326
2022-08-25,7.56166666666666
2022-08-26,1.3095833333333335
2022-08-27,8.773333333333335
2022-08-28,5.934583333333335
2022-08-29,7.694166666666661
2022-08-30,6.395000000000003
2022-08-31,8.806250000000002
2022-09-01,5.4999999999999885
2022-09-02,7.672500000000009
2022-09-03,12.930000000000009
2022-09-04,8.717916666666676
2022-09-05,9.348333333333343
2022-09-06,11.117083333333333
2022-09-07,14.830833333333336
2022-09-08,16.52375
2022-09-09,11.960833333333332
2022-09-10,17.987083333333334
2022-09-11,15.504999999999997
2022-09-12,14.22708333333334
2022-09-13,14.865833333333335
2022-09-14,6.648333333333341
2022-09-15,12.196250000000006
2022-09-16,14.787500000000003
2022-09-17,14.737083333333338
2022-09-18,20.446250000000003
2022-09-19,18.949166666666667
2022-09-20,19.300833333333333
2022-09-21,10.769583333333335
2022-09-22,19.837083333333336
2022-09-23,24.879166666666666
2022-09-24,31.858333333333334
2022-09-25,36.85166666666667
2022-09-26,31.578333333333333
2022-09-27,30.127916666666664
2022-09-28,24.627083333333342
2022-09-29,30.92458333333333
2022-09-30,30.667083333333327
2022-10-01,30.82958333333333
2022-10-02,32.25166666666666
2022-10-03,33.87541666666667
2022-10-04,38.20708333333333
2022-10-05,36.338750000000005
2022-10-06,22.75541666666666
2022-10-07,36.03541666666667
2022-10-08,30.492499999999996
2022-10-09,31.902916666666666
2022-10-10,32.39083333333333
2022-10-11,32.847500000000004
2022-10-12,28.232916666666668
2022-10-13,32.04625
2022-10-14,29.238750000000007
2022-10-15,28.805000000000003
2022-10-16,29.428333333333338
2022-10-17,31.441249999999997
2022-10-18,33.56249999999999
2022-10-19,36.31250000000001
2022-10-20,39.90666666666667
2022-10-21,39.41833333333333
2022-10-22,46.57333333333333
2022-10-23,38.063333333333325
2022-10-24,39.13666666666668
2022-10-25,41.08041666666667
2022-10-26,35.86625
2022-10-27,37.25541666666667
2022-10-28,39.95041666666666
2022-10-29,35.20333333333333
2022-10-30,41.54541666666666
2022-10-31,43.09458333333333
2022-11-01,40.74916666666667
2022-11-02,45.115
2022-11-03,40.614999999999995
2022-11-04,46.025
2022-11-05,38.586666666666666
2022-11-06,43.97375
2022-11-07,45.35999999999999
2022-11-08,46.00125
2022-11-09,46.9475
2022-11-10,42.2225
2022-11-11,43.20541666666667
2022-11-12,42.747083333333336
2022-11-13,46.1475
2022-11-14,27.707916666666666
2022-11-15,30.29833333333333
2022-11-16,33.956250000000004
2022-11-17,27.240416666666665
2022-11-18,33.296666666666674
2022-11-19,27.025000000000006
2022-11-20,28.957916666666673
2022-11-21,28.010833333333334
2022-11-22,29.884583333333335
2022-11-23,23.77208333333333
2022-11-24,25.326249999999998
2022-11-25,28.2975
2022-11-26,23.9475
2022-11-27,24.984999999999996
2022-11-28,37.085
2022-11-29,31.199583333333333
2022-11-30,20.919583333333332
2022-12-01,29.333333333333332
2022-12-02,35.52125
2022-12-03,38.020833333333336
2022-12-04,36.04125
2022-12-05,43.13583333333332
2022-12-06,37.26291666666666
2022-12-07,40.79208333333333
2022-12-08,42.229166666666664
2022-12-09,34.26291666666667
2022-12-10,33.45583333333334
2022-12-11,40.9175
2022-12-12,21.632500000000004
2022-12-13,17.3325
2022-12-14,20.2075
2022-12-15,25.995416666666667
2022-12-16,25.585000000000004
2022-12-17,21.926666666666673
2022-12-18,27.81166666666667
2022-12-19,26.801666666666662
2022-12-20,36.73875
2022-12-21,24.482083333333335
2022-12-22,21.636666666666674
2022-12-23,21.590416666666666
2022-12-24,14.058749999999996
2022-12-25,20.294166666666662
2022-12-26,21.977499999999996
2022-12-27,30.57041666666667
2022-12-28,41.746249999999996
2022-12-29,39.667500000000004
2022-12-30,41.78875
2022-12-31,52.03
2023-01-01,43.82583333333333
2023-01-02,37.555
2023-01-03,35.33125
2023-01-04,40.10875
2023-01-05,43.72833333333333
2023-01-06,40.76416666666666
2023-01-07,40.90708333333333
2023-01-08,41.30208333333333
2023-01-09,40.68125
2023-01-10,45.693333333333335
2023-01-11,39.10708333333333
2023-01-12,40.24375
2023-01-13,33.38041666666667
2023-01-14,47.622083333333336
2023-01-15,38.10999999999999
2023-01-16,41.65666666666666
2023-01-17,36.99916666666666
2023-01-18,39.3475
2023-01-19,40.525416666666665
2023-01-20,42.1175
2023-01-21,46.163333333333334
2023-01-22,40.225
2023-01-23,38.2875
2023-01-24,38.07708333333333
2023-01-25,38.78916666666667
2023-01-26,43.52375
2023-01-27,48.89625
2023-01-28,47.27
2023-01-29,38.7225
2023-01-30,42.49458333333333
2023-01-31,41.77791666666667
2023-02-01,38.5025
2023-02-02,40.89958333333333
2023-02-03,42.55583333333333
2023-02-04,40.97708333333333
2023-02-05,48.83416666666667
2023-02-06,44.06916666666667
2023-02-07,42.31791666666667
2023-02-08,44.097500000000004
2023-02-09,41.46
2023-02-10,38.51125
2023-02-11,43.123333333333335
2023-02-12,49.81458333333333
2023-02-13,41.98833333333334
2023-02-14,43.49916666666667
2023-02-15,42.21125
2023-02-16,41.21625
2023-02-17,44.07541666666666
2023-02-18,41.711666666666666
2023-02-19,46.47
2023-02-20,45.267500000000005
2023-02-21,36.94708333333333
2023-02-22,42.230000000000004
2023-02-23,40.645
2023-02-24,40.67458333333333
2023-02-25,35.32
2023-02-26,36.04083333333333
2023-02-27,38.23833333333334
2023-02-28,36.02125
2023-03-01,37.040416666666665
2023-03-02,36.0375
2023-03-03,40.02333333333333
2023-03-04,42.48625
2023-03-05,41.40875
2023-03-06,34.605
2023-03-07,43.37583333333333
2023-03-08,34.973333333333336
2023-03-09,33.84791666666667
2023-03-10,39.78875
2023-03-11,37.71208333333333
2023-03-12,34.89875
2023-03-13,34.2425
2023-03-14,34.7125
2023-03-15,37.485833333333325
2023-03-16,36.71333333333333
2023-03-17,35.498333333333335
2023-03-18,38.067083333333336
2023-03-19,40.82791666666667
2023-03-20,37.66166666666667
2023-03-21,45.11041666666667
2023-03-22,37.80833333333333
2023-03-23,39.6675
2023-03-24,39.466249999999995
2023-03-25,35.67458333333333
2023-03-26,39.14041666666667
2023-03-27,36.89333333333333
2023-03-28,35.861666666666665
2023-03-29,42.21
2023-03-30,44.2775
2023-03-31,40.72833333333333
2023-04-01,35.51
2023-04-02,40.07083333333333
2023-04-03,35.645833333333336
2023-04-04,37.93875
2023-04-05,42.827916666666674
2023-04-06,36.606249999999996
2023-04-07,37.318333333333335
2023-04-08,41.23916666666666
2023-04-09,38.72958333333333
2023-04-10,39.17875
2023-04-11,38.940000000000005
2023-04-12,38.62
2023-04-13,37.891666666666666
2023-04-14,36.82958333333333
2023-04-15,36.51083333333333
2023-04-16,35.781666666666666
2023-04-17,40.60625
2023-04-18,35.66916666666667
2023-04-19,40.35208333333333
2023-04-20,43.31
2023-04-21,32.650416666666665
2023-04-22,33.6825
2023-04-23,35.98291666666666
2023-04-24,37.34666666666667
2023-04-25,35.86416666666667
2023-04-26,36.294583333333335
2023-04-27,41.02583333333333
2023-04-28,34.373333333333335
2023-04-29,39.76541666666667
2023-04-30,34.821666666666665
2023-05-01,37.61
2023-05-02,40.11958333333333
2023-05-03,39.07416666666666
2023-05-04,38.361250000000005
2023-05-05,37.62625
2023-05-06,44.79458333333333
2023-05-07,39.615833333333335
2023-05-08,42.660833333333336
2023-05-09,43.64333333333334
2023-05-10,38.35208333333333
2023-05-11,43.86708333333334
2023-05-12,46.11291666666667
2023-05-13,39.160000000000004
2023-05-14,38.85541666666666
2023-05-15,40.347500000000004
2023-05-16,36.695
2023-05-17,38.51
2023-05-18,37.39333333333334
2023-05-19,35.6725
2023-05-20,37.800000000000004
2023-05-21,33.749583333333334
2023-05-22,41.89666666666667
2023-05-23,44.257083333333334
2023-05-24,40.927083333333336
2023-05-25,42.61125
2023-05-26,40.30416666666667
2023-05-27,40.518750000000004
2023-05-28,44.20250000000001
2023-05-29,35.66
2023-05-30,41.50416666666667
2023-05-31,43.31625
2023-06-01,46.569583333333334
2023-06-02,46.93333333333334
2023-06-03,46.7275
2023-06-04,42.31791666666667
2023-06-05,42.7275
2023-06-06,42.5675
2023-06-07,40.40916666666667
2023-06-08,40.377916666666664
2023-06-09,43.33166666666667
2023-06-10,44.99583333333333
2023-06-11,46.87833333333333
2023-06-12,49.95250000000001
2023-06-13,44.83166666666667
2023-06-14,46.51625000000001
2023-06-15,47.16
2023-06-16,52.159166666666664
2023-06-17,40.86083333333333
2023-06-18,39.33208333333334
2023-06-19,46.77375
2023-06-20,42.43333333333333
2023-06-21,41.361250000000005
2023-06-22,46.73208333333333
2023-06-23,43.45416666666667
2023-06-24,43.44083333333333
2023-06-25,45.95208333333333
2023-06-26,43.61083333333334
2023-06-27,35.681666666666665
2023-06-28,45.260416666666664
2023-06-29,43.529583333333335
2023-06-30,44.14291666666667
2023-07-01,39.59375
2023-07-02,43.71041666666667
2023-07-03,46.343333333333334
2023-07-04,43.213750000000005
2023-07-05,37.11375
2023-07-06,42.24875
2023-07-07,49.660833333333336
2023-07-08,44.87916666666667
2023-07-09,53.371249999999996
2023-07-10,43.262916666666676
2023-07-11,42.09125
2023-07-12,50.255
2023-07-13,41.6625
2023-07-14,41.02125
2023-07-15,43.08583333333333
2023-07-16,44.98791666666667
2023-07-17,47.37625
2023-07-18,52.504999999999995
2023-07-19,45.24666666666667
2023-07-20,48.64291666666667
2023-07-21,44.75
2023-07-22,44.83916666666667
2023-07-23,46.17625
2023-07-24,48.33416666666667
2023-07-25,47.744166666666665
2023-07-26,45.76083333333333
2023-07-27,42.76125
2023-07-28,52.56333333333334
2023-07-29,50.20708333333334
2023-07-30,44.874583333333334
2023-07-31,50.1675
2023-08-01,50.24875
2023-08-02,44.83833333333333
2023-08-03,53.55291666666667
2023-08-04,50.56875
2023-08-05,48.38958333333334
2023-08-06,53.98916666666668
2023-08-07,53.96
2023-08-08,45.290416666666665
2023-08-09,46.80916666666667
2023-08-10,44.89958333333333
2023-08-11,46.62625
2023-08-12,50.55500000000001
2023-08-13,51.127916666666664
2023-08-14,47.6025
2023-08-15,47.63791666666666
2023-08-16,48.60125
2023-08-17,52.696666666666665
2023-08-18,52.31
2023-08-19,50.42333333333334
2023-08-20,50.482499999999995
2023-08-21,49.95541666666667
2023-08-22,51.84833333333333
2023-08-23,50.324999999999996
2023-08-24,57.23041666666666
2023-08-25,51.57750000000001
2023-08-26,49.665416666666665
2023-08-27,55.20583333333334
2023-08-28,49.09625
2023-08-29,53.2175
2023-08-30,54.89541666666667
2023-08-31,52.432916666666664
2023-09-01,55.165833333333325
2023-09-02,49.166666666666664
2023-09-03,46.46083333333333
2023-09-04,57.45374999999999
2023-09-05,52.30083333333334
2023-09-06,54.57666666666666
2023-09-07,57.67124999999999
2023-09-08,60.725833333333334
2023-09-09,56.55041666666667
2023-09-10,53.76833333333334
2023-09-11,51.18958333333333
2023-09-12,54.08333333333332
2023-09-13,54.56708333333333
2023-09-14,52.46333333333333
2023-09-15,62.72458333333333
2023-09-16,52.14458333333334
2023-09-17,53.76791666666667
2023-09-18,55.86666666666667
2023-09-19,54.4775
2023-09-20,51.31166666666667
2023-09-21,54.27124999999999
2023-09-22,53.13958333333334
2023-09-23,56.807500000000005
2023-09-24,55.82375
2023-09-25,51.872083333333336
2023-09-26,55.825416666666676
2023-09-27,55.66916666666666
2023-09-28,58.18875
2023-09-29,57.69125
2023-09-30,54.82458333333333
2023-10-01,54.914583333333326
2023-10-02,57.67958333333333
2023-10-03,54.43375
2023-10-04,55.14791666666667
2023-10-05,49.87625
2023-10-06,48.81166666666667
2023-10-07,55.318333333333335
2023-10-08,54.06125000000001
2023-10-09,51.818333333333335
2023-10-10,54.634166666666665
2023-10-11,56.465
2023-10-12,54.44958333333333
2023-10-13,49.01291666666666
2023-10-14,51.30708333333334
2023-10-15,55.767500000000005
2023-10-16,48.50125
2023-10-17,59.32
2023-10-18,52.93083333333334
2023-10-19,55.10541666666666
2023-10-20,51.19
2023-10-21,51.76458333333333
2023-10-22,58.080833333333324
2023-10-23,58.50875
2023-10-24,62.789583333333326
2023-10-25,55.10666666666666
2023-10-26,57.52583333333333
2023-10-27,48.32125
2023-10-28,51.01291666666666
2023-10-29,49.36416666666667
2023-10-30,59.18375
2023-10-31,48.737500000000004
2023-11-01,61.30125
2023-11-02,56.47875
2023-11-03,55.32875000000001
2023-11-04,50.99333333333333
2023-11-05,48.55125
2023-11-06,57.065
2023-11-07,61.76125
2023-11-08,63.37916666666666
2023-11-09,50.397083333333335
2023-11-10,55.0425
2023-11-11,53.32208333333333
2023-11-12,54.70875
2023-11-13,56.315
2023-11-14,53.47166666666667
2023-11-15,52.776250000000005
2023-11-16,54.709583333333335
2023-11-17,52.35583333333333
2023-11-18,54.14541666666667
2023-11-19,53.67791666666667
2023-11-20,53.31458333333333
2023-11-21,58.54208333333333
2023-11-22,50.28083333333333
2023-11-23,55.34041666666666
2023-11-24,53.46791666666666
2023-11-25,54.43708333333333
2023-11-26,52.07333333333332
2023-11-27,55.318333333333335
2023-11-28,53.25791666666667
2023-11-29,55.47749999999999
2023-11-30,51.88333333333333
2023-12-01,54.71416666666667
2023-12-02,52.36333333333334
2023-12-03,57.17791666666667
2023-12-04,56.32708333333334
2023-12-05,53.579583333333325
2023-12-06,53.98708333333334
2023-12-07,57.42124999999999
2023-12-08,52.501250000000006
2023-12-09,46.893750000000004
2023-12-10,48.484166666666674
2023-12-11,48.94083333333333
2023-12-12,55.058749999999996
2023-12-13,55.272083333333335
2023-12-14,54.643750000000004
2023-12-15,53.81375
2023-12-16,51.979166666666664
2023-12-17,51.42291666666667
2023-12-18,54.07916666666667
2023-12-19,51.281666666666666
2023-12-20,48.393750000000004
2023-12-21,50.772083333333335
2023-12-22,49.27875
2023-12-23,51.9775
2023-12-24,49.50208333333333
2023-12-25,55.072916666666664
2023-12-26,48.95083333333333
2023-12-27,50.69166666666667
2023-12-28,44.50791666666667
2023-12-29,44.04083333333333
2023-12-30,48.37916666666666
2023-12-31,35.5
2024-01-01,55.61416666666667
2024-01-02,49.69875
2024-01-03,50.14458333333334
2024-01-04,48.025416666666665
2024-01-05,50.24
2024-01-06,46.76791666666667
2024-01-07,47.975833333333334
2024-01-08,52.544999999999995
2024-01-09,34.244166666666665
2024-01-10,44.77041666666667
2024-01-11,37.32958333333333
2024-01-12,-27.13999999999999
2024-01-13,-21.12374999999999
2024-01-14,-26.369583333333324
2024-01-15,-24.57041666666666
2024-01-16,43.89625
2024-01-17,45.68041666666667
2024-01-18,42.12125
2024-01-19,44.87625
2024-01-20,42.798333333333325
2024-01-21,45.96083333333333
2024-01-22,44.459583333333335
2024-01-23,48.77791666666667
2024-01-24,42.38291666666667
2024-01-25,44.89125000000001
2024-01-26,47.65875
2024-01-27,44.0675
2024-01-28,46.26166666666666
2024-01-29,42.99666666666666
2024-01-30,45.33041666666667
2024-01-31,46.24125
2024-02-01,41.382083333333334
2024-02-02,45.32750000000001
2024-02-03,45.684583333333336
2024-02-04,45.90875
2024-02-05,47.072916666666664
2024-02-06,50.324999999999996
2024-02-07,45.37916666666666
2024-02-08,50.33375
2024-02-09,49.55666666666667
2024-02-10,41.98875
2024-02-11,48.156666666666666
2024-02-12,48.88708333333333
2024-02-13,45.52708333333333
2024-02-14,49.918749999999996
2024-02-15,49.89458333333334
2024-02-16,46.38958333333333
2024-02-17,43.36625
2024-02-18,50.759166666666665
2024-02-19,52.05375
2024-02-20,47.51583333333334
2024-02-21,50.09083333333333
2024-02-22,46.279583333333335
2024-02-23,48.17458333333334
2024-02-24,41.30916666666666
2024-02-25,46.27375
2024-02-26,40.555
2024-02-27,45.217083333333335
2024-02-28,41.946666666666665
2024-02-29,38.69166666666667
2024-03-01,51.149166666666666
2024-03-02,44.599583333333335
2024-03-03,46.24166666666667
2024-03-04,40.27041666666667
2024-03-05,43.17458333333334
2024-03-06,39.744166666666665
2024-03-07,44.308749999999996
2024-03-08,43.36541666666667
2024-03-09,48.96333333333333
2024-03-10,46.468333333333334
2024-03-11,44.98374999999999
2024-03-12,42.89958333333333
2024-03-13,51.25083333333333
2024-03-14,46.497083333333336
2024-03-15,42.439166666666665
2024-03-16,44.81916666666667
2024-03-17,43.97375
2024-03-18,46.035
2024-03-19,45.8225
2024-03-20,41.540416666666665
2024-03-21,42.58541666666667
2024-03-22,42.19375
2024-03-23,50.42583333333334
2024-03-24,49.40541666666667
2024-03-25,43.6275
2024-03-26,46.75416666666666
2024-03-27,40.24791666666667
2024-03-28,38.32333333333333
2024-03-29,43.88625
2024-03-30,40.08125
2024-03-31,46.28666666666666
2024-04-01,38.4425
2024-04-02,38.12791666666667
2024-04-03,46.20083333333333
2024-04-04,44.87
2024-04-05,41.64833333333333
2024-04-06,39.607499999999995
2024-04-07,43.232499999999995
2024-04-08,39.41583333333333
2024-04-09,38.187916666666666
2024-04-10,36.29750000000001
2024-04-11,44.302083333333336
2024-04-12,49.675000000000004
2024-04-13,48.97875
2024-04-14,44.818749999999994
2024-04-15,46.9125
2024-04-16,38.42958333333333
2024-04-17,39.95375
2024-04-18,44.626666666666665
2024-04-19,44.4675
2024-04-20,41.07
2024-04-21,41.901666666666664
2024-04-22,46.41708333333333
2024-04-23,45.91916666666666
2024-04-24,39.36875
2024-04-25,45.53958333333333
2024-04-26,49.79833333333334
2024-04-27,41.87416666666667
2024-04-28,43.63041666666667
2024-04-29,40.07125
2024-04-30,36.79791666666667
2024-05-01,43.75875
2024-05-02,39.9425
2024-05-03,41.35208333333333
2024-05-04,42.089166666666664
2024-05-05,49.884166666666665
2024-05-06,41.01291666666667
2024-05-07,44.251666666666665
2024-05-08,40.75875
2024-05-09,40.73291666666667
2024-05-10,38.6325
2024-05-11,44.09958333333333
2024-05-12,37.59625
2024-05-13,40.678333333333335
2024-05-14,35.63625
2024-05-15,40.125
2024-05-16,38.827083333333334
2024-05-17,36.87
2024-05-18,34.78916666666667
2024-05-19,32.88291666666667
2024-05-20,36.31
2024-05-21,39.78375
2024-05-22,37.199999999999996
2024-05-23,32.803333333333335
2024-05-24,38.63583333333333
2024-05-25,37.58583333333333
2024-05-26,41.15291666666666
2024-05-27,35.29833333333334
2024-05-28,43.39416666666667
2024-05-29,39.99916666666666
2024-05-30,44.08541666666667
2024-05-31,45.07833333333334
2024-06-01,48.118750000000006
2024-06-02,41.025
2024-06-03,35.32625
2024-06-04,41.42375
2024-06-05,39.065
2024-06-06,40.85
2024-06-07,38.89458333333334
2024-06-08,43.65041666666667
2024-06-09,38.20916666666667
2024-06-10,48.614583333333336
2024-06-11,37.31166666666667
2024-06-12,39.92125000000001
2024-06-13,34.61416666666667
2024-06-14,39.87708333333333
2024-06-15,36.38583333333333
2024-06-16,42.65625
2024-06-17,41.916666666666664
2024-06-18,41.44916666666666
2024-06-19,44.03333333333333
2024-06-20,40.22
2024-06-21,40.486250000000005
2024-06-22,41.72875
2024-06-23,41.3275
2024-06-24,38.10958333333333
2024-06-25,40.66875
2024-06-26,44.899166666666666
2024-06-27,42.23500000000001
2024-06-28,42.58166666666667
2024-06-29,42.660833333333336
2024-06-30,41.17
2024-07-01,49.921666666666674
2024-07-02,45.165416666666665
2024-07-03,44.64083333333334
2024-07-04,49.88625
2024-07-05,47.20083333333333
2024-07-06,48.80625
2024-07-07,50.422083333333326
2024-07-08,43.90083333333333
2024-07-09,44.39958333333334
2024-07-10,46.062083333333334
2024-07-11,42.07625
2024-07-12,48.085
2024-07-13,44.62916666666667
2024-07-14,53.350833333333334
2024-07-15,47.71666666666667
2024-07-16,46.7275
2024-07-17,45.459583333333335
2024-07-18,53.59833333333333
2024-07-19,45.617916666666666
2024-07-20,51.45791666666667
2024-07-21,53.64541666666667
2024-07-22,44.495000000000005
2024-07-23,47.532916666666665
2024-07-24,55.848749999999995
2024-07-25,49.748333333333335
2024-07-26,51.27333333333333
2024-07-27,54.64333333333334
2024-07-28,56.35708333333333
2024-07-29,53.283750000000005
2024-07-30,50.065416666666664
2024-07-31,50.39833333333333
2024-08-01,52.01666666666667
2024-08-02,58.65375
2024-08-03,51.15541666666667
2024-08-04,61.768750000000004
2024-08-05,60.38958333333333
2024-08-06,55.10333333333333
2024-08-07,53.4025
2024-08-08,51.20166666666666
2024-08-09,59.545416666666675
2024-08-10,53.75208333333334
2024-08-11,59.96541666666667
2024-08-12,53.94625
2024-08-13,55.16291666666666
2024-08-14,52.50666666666666
2024-08-15,57.790416666666665
2024-08-16,50.788333333333334
2024-08-17,58.56041666666667
2024-08-18,55.21666666666667
2024-08-19,54.9325
2024-08-20,54.3375
2024-08-21,57.04208333333333
2024-08-22,60.114583333333336
2024-08-23,57.38791666666666
2024-08-24,55.28666666666666
2024-08-25,58.196666666666665
2024-08-26,56.37583333333333
2024-08-27,57.159166666666664
2024-08-28,56.068333333333335
2024-08-29,60.043749999999996
2024-08-30,58.614583333333336
2024-08-31,57.40541666666667
2024-09-01,56.95583333333334
2024-09-02,57.91583333333333
2024-09-03,61.58583333333333
2024-09-04,57.51583333333334
2024-09-05,54.86625
2024-09-06,55.55875
2024-09-07,54.02666666666667
2024-09-08,55.95375000000001
2024-09-09,55.219166666666666
2024-09-10,57.973333333333336
2024-09-11,55.97
2024-09-12,60.584583333333335
2024-09-13,62.69083333333333
2024-09-14,58.53666666666667
2024-09-15,57.07041666666667
2024-09-16,64.88958333333333
2024-09-17,58.67625
2024-09-18,52.61208333333334
2024-09-19,58.731249999999996
2024-09-20,54.92791666666667
2024-09-21,57.18333333333333
2024-09-22,61.54208333333332
2024-09-23,60.79791666666667
2024-09-24,54.026250000000005
2024-09-25,54.77041666666667
2024-09-26,58.17791666666667
2024-09-27,54.09375000000001
2024-09-28,51.840833333333336
2024-09-29,52.82250000000001
2024-09-30,52.39791666666667
2024-10-01,50.696666666666665
2024-10-02,52.79125
2024-10-03,53.800000000000004
2024-10-04,55.38333333333333
2024-10-05,60.42250000000001
2024-10-06,53.576249999999995
2024-10-07,60.412083333333335
2024-10-08,55.137499999999996
2024-10-09,61.13083333333333
2024-10-10,59.56375
2024-10-11,61.23791666666667
2024-10-12,62.245
2024-10-13,59.076249999999995
2024-10-14,57.57791666666666
2024-10-15,58.232499999999995
2024-10-16,60.805416666666666
2024-10-17,62.196666666666665
2024-10-18,63.172083333333326
2024-10-19,57.7525
2024-10-20,63.172083333333326
2024-10-21,58.51583333333334
2024-10-22,62.49375
2024-10-23,60.73666666666667
2024-10-24,61.58166666666667
2024-10-25,60.333333333333336
2024-10-26,63.88458333333333
2024-10-27,61.452916666666674
2024-10-28,65.65916666666668
2024-10-29,59.677083333333336
2024-10-30,57.36625
2024-10-31,58.502916666666664
2024-11-01,64.98833333333333
2024-11-02,65.02458333333334
2024-11-03,67.68583333333333
2024-11-04,62.00666666666666
2024-11-05,63.589166666666664
2024-11-06,61.48458333333334
2024-11-07,69.36083333333333
2024-11-08,65.12333333333333
2024-11-09,62.97375
2024-11-10,65.63291666666667
2024-11-11,61.79541666666666
2024-11-12,63.41583333333333
2024-11-13,58.33833333333334
2024-11-14,60.51625000000001
2024-11-15,56.456250000000004
2024-11-16,62.153333333333336
2024-11-17,58.72083333333333
2024-11-18,63.34375
2024-11-19,59.18625
2024-11-20,60.26125
2024-11-21,57.264166666666675
2024-11-22,57.19083333333333
2024-11-23,53.3825
2024-11-24,60.9175
2024-11-25,51.15166666666667
2024-11-26,51.905833333333334
2024-11-27,48.633333333333326
2024-11-28,56.32666666666666
2024-11-29,49.73416666666666
2024-11-30,48.4725
2024-12-01,51.168749999999996
2024-12-02,52.596250000000005
2024-12-03,48.71
2024-12-04,52.84625
2024-12-05,44.92374999999999
2024-12-06,56.63791666666666
2024-12-07,50.72666666666667
2024-12-08,57.47208333333333
2024-12-09,48.93083333333334
2024-12-10,50.43666666666667
2024-12-11,49.815416666666664
2024-12-12,48.20583333333334
2024-12-13,46.4425
2024-12-14,46.53208333333333
2024-12-15,50.22708333333333
2024-12-16,49.650416666666665
2024-12-17,48.48916666666667
2024-12-18,50.562083333333334
2024-12-19,45.45666666666667
2024-12-20,45.32458333333333
2024-12-21,50.89333333333334
2024-12-22,45.84625
2024-12-23,47.40416666666667
2024-12-24,45.91541666666666
2024-12-25,47.78791666666666
2024-12-26,45.20791666666667
2024-12-27,46.93541666666666
2024-12-28,44.41583333333333
2024-12-29,49.56583333333333
2024-12-30,43.220416666666665
2024-12-31,50.10000000000001
